Workbook

Sheet 📊 Dashboard
B2: 🏭 GESTIONE MAGAZZINO & PRODUZIONE 2026
B4: INDICATORI CHIAVE DI PERFORMANCE
B5: Totale Ordinato | C5: Totale Consegnato | D5: Totale Arretrato | E5: Fatturato Lordo | F5: Costo Totale | G5: Margine Lordo
B6: ='📦 Prodotti'!C2 -> 392000 | C6: ='📦 Prodotti'!D2 -> 341380 | D6: ='📦 Prodotti'!E2 -> 50620 | E6: ='📦 Prodotti'!H2 -> 105720.5 | F6: =F15 -> 50806.61 | G6: ='📦 Prodotti'!I2 -> 54913.886
B8: RIEPILOGO PER TIPOLOGIA DI PRODOTTO
B9: Tipologia | C9: Ord. (pz) | D9: Cons. (pz) | E9: Arretrato (pz) | F9: Costo Tot. | G9: Fatturato | H9: Margine %
B10: RETE PP | C10: ='📈 Per Tipologia'!C4 -> 217000 | D10: ='📈 Per Tipologia'!D4 -> 169600 | E10: ='📈 Per Tipologia'!E4 -> 47400 | F10: ='📈 Per Tipologia'!F4 -> 32986.84 | G10: ='📈 Per Tipologia'!G4 -> 73404.1 | H10: ='📈 Per Tipologia'!I4 -> 0.55061311
B11: TNT PP | C11: ='📈 Per Tipologia'!C5 -> 53000 | D11: ='📈 Per Tipologia'!D5 -> 47000 | E11: ='📈 Per Tipologia'!E5 -> 6000 | F11: ='📈 Per Tipologia'!F5 -> 6583.05 | G11: ='📈 Per Tipologia'!G5 -> 16779 | H11: ='📈 Per Tipologia'!I5 -> 0.60766136
B12: TNT PET | C12: ='📈 Per Tipologia'!C6 -> 12000 | D12: ='📈 Per Tipologia'!D6 -> 2500 | E12: ='📈 Per Tipologia'!E6 -> 9500 | F12: ='📈 Per Tipologia'!F6 -> 1330.58 | G12: ='📈 Per Tipologia'!G6 -> 3066 | H12: ='📈 Per Tipologia'!I6 -> 0.56602087
B13: RETE HDPE | C13: ='📈 Per Tipologia'!C7 -> 38000 | D13: ='📈 Per Tipologia'!D7 -> 23280 | E13: ='📈 Per Tipologia'!E7 -> 14720 | F13: ='📈 Per Tipologia'!F7 -> 2976.14 | G13: ='📈 Per Tipologia'!G7 -> 5541.4 | H13: ='📈 Per Tipologia'!I7 -> 0.46292634
B14: STRACCI | C14: ='📈 Per Tipologia'!C8 -> 72000 | D14: ='📈 Per Tipologia'!D8 -> 99000 | E14: ='📈 Per Tipologia'!E8 -> -27000 | F14: ='📈 Per Tipologia'!F8 -> 6930 | G14: ='📈 Per Tipologia'!G8 -> 6930 | H14: ='📈 Per Tipologia'!I8 -> 0
B15: TOTALE | C15: =SUM(C10:C14) -> 392000 | D15: =SUM(D10:D14) -> 341380 | E15: =SUM(E10:E14) -> 50620 | F15: =SUM(F10:F14) -> 50806.61 | G15: =SUM(G10:G14) -> 105720.5 | H15: =_xlfn.IFERROR((G15-F15)/G15,0) -> 0.51942518
B17: NAVIGAZIONE RAPIDA
B18: 📦 Prodotti | C18: Anagrafica prodotti con costi, prezzi e dati di produzione
B19: 📥 Carico | C19: Registrazione carichi e produzione in entrata
B20: 📤 Scarico | C20: Registrazione scarichi / consegne DDT
B21: 🏪 Giacenze | C21: Situazione giacenze aggiornata per codice
B22: 🏭 Produzione | C22: Registro produzione e ore macchina
B23: 💰 Costi & Ricavi | C23: Analisi costi, ricavi e margini per prodotto
B24: 📈 Per Tipologia | C24: Riepilogo aggregato per tipologia di prodotto
B25: 📅 Mensile | C25: Analisi ordini e consegne mese per mese

Sheet 📦 Prodotti
A2: TOTALI | C2: =SUM(C5:C36) -> 392000 | D2: =SUM(D5:D36) -> 341380 | E2: =SUM(E5:E36) -> 50620 | F2: =SUM(F5:F36) -> 8.334319 | H2: =SUM(H5:H36) -> 105720.5 | I2: =SUM(I5:I36) -> 54913.886 | J2: =_xlfn.IFERROR(I2/H2,0) -> 0.51942514
A3: Codice | B3: Tipo | C3: Ordinato (pz) | D3: Consegnato (pz) | E3: Arretrato (pz) | F3: Costo Unit. (€) | G3: Prezzo Vend. (€) | H3: Fatturato (€) | I3: Margine Lordo (€) | J3: Margine % | K3: Incidenza MP %
A5: A17014 | B5: RETE PP | C5: 1000 | D5: 1000 | E5: =C5-D5 -> 0 | F5: 0.007308 | G5: 0.03 | H5: =D5*G5 -> 30 | I5: =H5-D5*F5 -> 22.692 | J5: =_xlfn.IFERROR(I5/H5,0) -> 0.7564 | K5: =_xlfn.IFERROR(F5/G5,0) -> 0.2436
A6: A17067 | B6: RETE PP | C6: 4000 | D6: 2000 | E6: =C6-D6 -> 2000 | F6: 0.16846 | G6: 0.365 | H6: =D6*G6 -> 730 | I6: =H6-D6*F6 -> 393.08 | J6: =_xlfn.IFERROR(I6/H6,0) -> 0.53846575 | K6: =_xlfn.IFERROR(F6/G6,0) -> 0.46153425
A7: A17225 | B7: RETE PP | C7: 24000 | D7: 15000 | E7: =C7-D7 -> 9000 | F7: 0.17256 | G7: 0.365 | H7: =D7*G7 -> 5475 | I7: =H7-D7*F7 -> 2886.6 | J7: =_xlfn.IFERROR(I7/H7,0) -> 0.52723288 | K7: =_xlfn.IFERROR(F7/G7,0) -> 0.47276712
A8: A17227 | B8: RETE PP | C8: 30000 | D8: 25200 | E8: =C8-D8 -> 4800 | F8: 0.10528 | G8: 0.205 | H8: =D8*G8 -> 5166 | I8: =H8-D8*F8 -> 2512.944 | J8: =_xlfn.IFERROR(I8/H8,0) -> 0.48643902 | K8: =_xlfn.IFERROR(F8/G8,0) -> 0.51356098
A9: A17289 | B9: RETE PP | C9: 55000 | D9: 46000 | E9: =C9-D9 -> 9000 | F9: 0.122962 | G9: 0.307 | H9: =D9*G9 -> 14122 | I9: =H9-D9*F9 -> 8465.748 | J9: =_xlfn.IFERROR(I9/H9,0) -> 0.59947231 | K9: =_xlfn.IFERROR(F9/G9,0) -> 0.40052769
A10: A17327 | B10: RETE PP | C10: 18000 | D10: 15900 | E10: =C10-D10 -> 2100 | F10: 0.361915 | G10: 0.774 | H10: =D10*G10 -> 12306.6 | I10: =H10-D10*F10 -> 6552.1515 | J10: =_xlfn.IFERROR(I10/H10,0) -> 0.53240956 | K10: =_xlfn.IFERROR(F10/G10,0) -> 0.46759044
A11: A17328 | B11: RETE PP | C11: 33000 | D11: 27600 | E11: =C11-D11 -> 5400 | F11: 0.250207 | G11: 0.595 | H11: =D11*G11 -> 16422 | I11: =H11-D11*F11 -> 9516.2868 | J11: =_xlfn.IFERROR(I11/H11,0) -> 0.57948403 | K11: =_xlfn.IFERROR(F11/G11,0) -> 0.42051597
A12: A17330 | B12: RETE PP | C12: 3000 | D12: 900 | E12: =C12-D12 -> 2100 | F12: 0.294137 | G12: 0.63 | H12: =D12*G12 -> 567 | I12: =H12-D12*F12 -> 302.2767 | J12: =_xlfn.IFERROR(I12/H12,0) -> 0.53311587 | K12: =_xlfn.IFERROR(F12/G12,0) -> 0.46688413
A13: A17338 | B13: RETE PP | C13: 29000 | D13: 23700 | E13: =C13-D13 -> 5300 | F13: 0.260287 | G13: 0.515 | H13: =D13*G13 -> 12205.5 | I13: =H13-D13*F13 -> 6036.6981 | J13: =_xlfn.IFERROR(I13/H13,0) -> 0.49458835 | K13: =_xlfn.IFERROR(F13/G13,0) -> 0.50541165
A14: A17400 | B14: RETE PP | C14: 0 | D14: 0 | E14: =C14-D14 -> 0 | F14: 0.02 | G14: 0.05 | H14: =D14*G14 -> 0 | I14: =H14-D14*F14 -> 0 | J14: =_xlfn.IFERROR(I14/H14,0) -> 0 | K14: =_xlfn.IFERROR(F14/G14,0) -> 0.4
A15: A17401 | B15: RETE PP | C15: 2000 | D15: 1000 | E15: =C15-D15 -> 1000 | F15: 0.20622 | G15: 0.481 | H15: =D15*G15 -> 481 | I15: =H15-D15*F15 -> 274.78 | J15: =_xlfn.IFERROR(I15/H15,0) -> 0.57126819 | K15: =_xlfn.IFERROR(F15/G15,0) -> 0.42873181
A16: A17402 | B16: RETE PP | C16: 3000 | D16: 2000 | E16: =C16-D16 -> 1000 | F16: 0.012291 | G16: 0.055 | H16: =D16*G16 -> 110 | I16: =H16-D16*F16 -> 85.418 | J16: =_xlfn.IFERROR(I16/H16,0) -> 0.77652727 | K16: =_xlfn.IFERROR(F16/G16,0) -> 0.22347273
... A36: STRACCI | B36: STRACCI | C36: 72000 | D36: 99000 | E36: =C36-D36 -> -27000 | F36: 0.07 | G36: 0.07 | H36: =D36*G36 -> 6930 | I36: =H36-D36*F36 -> 0 | J36: =_xlfn.IFERROR(I36/H36,0) -> 0 | K36: =_xlfn.IFERROR(F36/G36,0) -> 1

Sheet 📥 Carico
A2: 📥 REGISTRO CARICO / PRODUZIONE IN ENTRATA
A3: Data | B3: N° Documento | C3: Tipo Doc. | D3: Codice Prodotto | E3: Tipologia | F3: Quantità (pz) | G3: Costo Unit. (€) | H3: Valore Carico (€) | I3: Note
A4: 2026-01-09 | B4: ORD.1 | C4: Ordine ACS | D4: A17014 | E4: RETE PP | F4: 1000 | G4: 0.007308 | H4: =F4*G4 -> 7.308
A5: 2026-01-09 | B5: ORD.1 | C5: Ordine ACS | D5: A17225 | E5: RETE PP | F5: 1000 | G5: 0.17256 | H5: =F5*G5 -> 172.56
A6: 2026-01-09 | B6: ORD.2 | C6: Ordine COMMER | D6: A17227 | E6: RETE PP | F6: 1000 | G6: 0.10528 | H6: =F6*G6 -> 105.28
A7: 2026-01-09 | B7: ORD.2 | C7: Ordine COMMER | D7: A17289 | E7: RETE PP | F7: 8000 | G7: 0.122962 | H7: =F7*G7 -> 983.696
A8: 2026-01-16 | B8: ORD.3 | C8: Ordine ACS | D8: A17225 | E8: RETE PP | F8: 4000 | G8: 0.17256 | H8: =F8*G8 -> 690.24
A9: 2026-01-16 | B9: ORD.3 | C9: Ordine ACS | D9: A17338 | E9: RETE PP | F9: 5000 | G9: 0.260287 | H9: =F9*G9 -> 1301.435
A10: 2026-01-24 | B10: ORD.5 | C10: Ordine ACS | D10: A17327 | E10: RETE PP | F10: 3000 | G10: 0.361915 | H10: =F10*G10 -> 1085.745
A11: 2026-01-24 | B11: ORD.5 | C11: Ordine ACS | D11: A17328 | E11: RETE PP | F11: 3000 | G11: 0.250207 | H11: =F11*G11 -> 750.621
A12: 2026-01-30 | B12: ORD.7 | C12: Ordine ACS | D12: A17225 | E12: RETE PP | F12: 4000 | G12: 0.17256 | H12: =F12*G12 -> 690.24
A13: 2026-01-30 | B13: ORD.7 | C13: Ordine ACS | D13: A17266 | E13: TNT PP | F13: 1000 | G13: 0.140065 | H13: =F13*G13 -> 140.065
A14: 2026-02-06 | B14: ORD.9 | C14: Ordine ACS | D14: A17327 | E14: RETE PP | F14: 3000 | G14: 0.361915 | H14: =F14*G14 -> 1085.745
A15: 2026-02-06 | B15: ORD.9 | C15: Ordine ACS | D15: A17266 | E15: TNT PP | F15: 2000 | G15: 0.140065 | H15: =F15*G15 -> 280.13
... A23: 2026-05-01 | B23: PROD.04 | C23: Produzione | D23: STRACCI | E23: STRACCI | F23: 30000 | G23: 0.07 | H23: =F23*G23 -> 2100

Sheet 📤 Scarico
A2: 📤 REGISTRO SCARICO / CONSEGNE DDT
A3: Data | B3: N° DDT | C3: Cliente | D3: Codice Prodotto | E3: Tipologia | F3: Quantità (pz) | G3: Prezzo Unit. (€) | H3: Valore Scarico (€) | I3: Note
A4: 2026-01-12 | B4: DDT 001 | C4: COMMER | D4: STRACCI | E4: STRACCI | F4: 12000 | G4: 0.07 | H4: =F4*G4 -> 840
A5: 2026-01-13 | B5: DDT 003 | C5: COMMER | D5: A17227 | E5: RETE PP | F5: 1200 | G5: 0.205 | H5: =F5*G5 -> 246
A6: 2026-01-13 | B6: DDT 003 | C6: COMMER | D6: A17289 | E6: RETE PP | F6: 4000 | G6: 0.307 | H6: =F6*G6 -> 1228
A7: 2026-01-13 | B7: DDT 003 | C7: COMMER | D7: A17266 | E7: TNT PP | F7: 600 | G7: 0.357 | H7: =F7*G7 -> 214.2
A8: 2026-01-16 | B8: DDT 004 | C8: ACS | D8: A17225 | E8: RETE PP | F8: 1000 | G8: 0.365 | H8: =F8*G8 -> 365
A9: 2026-01-16 | B9: DDT 004 | C9: ACS | D9: A17227 | E9: RETE PP | F9: 1200 | G9: 0.205 | H9: =F9*G9 -> 246
A10: 2026-01-16 | B10: DDT 004 | C10: ACS | D10: A17327 | E10: RETE PP | F10: 900 | G10: 0.774 | H10: =F10*G10 -> 696.6
A11: 2026-01-16 | B11: DDT 004 | C11: ACS | D11: A17328 | E11: RETE PP | F11: 1200 | G11: 0.595 | H11: =F11*G11 -> 714
A12: 2026-01-16 | B12: DDT 004 | C12: ACS | D12: A17338 | E12: RETE PP | F12: 2100 | G12: 0.515 | H12: =F12*G12 -> 1081.5
A13: 2026-01-16 | B13: DDT 004 | C13: ACS | D13: STRACCI | E13: STRACCI | F13: 15000 | G13: 0.07 | H13: =F13*G13 -> 1050
A14: 2026-01-16 | B14: DDT 005 | C14: ACS | D14: A17014 | E14: RETE PP | F14: 1000 | G14: 0.03 | H14: =F14*G14 -> 30
A15: 2026-01-16 | B15: DDT 005 | C15: ACS | D15: A17401 | E15: RETE PP | F15: 1000 | G15: 0.481 | H15: =F15*G15 -> 481
... A45: 2026-01-30 | B45: DDT 016 | C45: ACS | D45: STRACCI | E45: STRACCI | F45: 15000 | G45: 0.07 | H45: =F45*G45 -> 1050

Sheet 🏪 Giacenze
A2: 🏪 GIACENZE MAGAZZINO — Situazione Aggiornata
A3: Codice | B3: Tipologia | C3: Giacenza Inizio | D3: Carico Tot. (pz) | E3: Scarico Tot. (pz) | F3: Giacenza Attuale | G3: Valore Giac. (€) | H3: Costo Unit. (€) | I3: Prezzo Vend. (€) | J3: Stato
A4: A17014 | B4: RETE PP | C4: 0 | D4: 1000 | E4: 1000 | F4: =C4+D4-E4 -> 0 | G4: =F4*H4 -> 0 | H4: 0.007308 | I4: 0.03 | J4: =IF(F4<0,"⚠️ NEGATIVO",IF(F4=0,"⬛ ZERO","✅ OK")) -> ⬛ ZERO
A5: A17067 | B5: RETE PP | C5: 0 | D5: 4000 | E5: 2000 | F5: =C5+D5-E5 -> 2000 | G5: =F5*H5 -> 336.92 | H5: 0.16846 | I5: 0.365 | J5: =IF(F5<0,"⚠️ NEGATIVO",IF(F5=0,"⬛ ZERO","✅ OK")) -> ✅ OK
A6: A17225 | B6: RETE PP | C6: 0 | D6: 24000 | E6: 15000 | F6: =C6+D6-E6 -> 9000 | G6: =F6*H6 -> 1553.04 | H6: 0.17256 | I6: 0.365 | J6: =IF(F6<0,"⚠️ NEGATIVO",IF(F6=0,"⬛ ZERO","✅ OK")) -> ✅ OK
A7: A17227 | B7: RETE PP | C7: 0 | D7: 30000 | E7: 25200 | F7: =C7+D7-E7 -> 4800 | G7: =F7*H7 -> 505.344 | H7: 0.10528 | I7: 0.205 | J7: =IF(F7<0,"⚠️ NEGATIVO",IF(F7=0,"⬛ ZERO","✅ OK")) -> ✅ OK
A8: A17289 | B8: RETE PP | C8: 0 | D8: 55000 | E8: 46000 | F8: =C8+D8-E8 -> 9000 | G8: =F8*H8 -> 1106.658 | H8: 0.122962 | I8: 0.307 | J8: =IF(F8<0,"⚠️ NEGATIVO",IF(F8=0,"⬛ ZERO","✅ OK")) -> ✅ OK
A9: A17327 | B9: RETE PP | C9: 0 | D9: 18000 | E9: 15900 | F9: =C9+D9-E9 -> 2100 | G9: =F9*H9 -> 760.0215 | H9: 0.361915 | I9: 0.774 | J9: =IF(F9<0,"⚠️ NEGATIVO",IF(F9=0,"⬛ ZERO","✅ OK")) -> ✅ OK
A10: A17328 | B10: RETE PP | C10: 0 | D10: 33000 | E10: 27600 | F10: =C10+D10-E10 -> 5400 | G10: =F10*H10 -> 1351.1178 | H10: 0.250207 | I10: 0.595 | J10: =IF(F10<0,"⚠️ NEGATIVO",IF(F10=0,"⬛ ZERO","✅ OK")) -> ✅ OK
A11: A17330 | B11: RETE PP | C11: 0 | D11: 3000 | E11: 900 | F11: =C11+D11-E11 -> 2100 | G11: =F11*H11 -> 617.6877 | H11: 0.294137 | I11: 0.63 | J11: =IF(F11<0,"⚠️ NEGATIVO",IF(F11=0,"⬛ ZERO","✅ OK")) -> ✅ OK
A12: A17338 | B12: RETE PP | C12: 0 | D12: 29000 | E12: 23700 | F12: =C12+D12-E12 -> 5300 | G12: =F12*H12 -> 1379.5211 | H12: 0.260287 | I12: 0.515 | J12: =IF(F12<0,"⚠️ NEGATIVO",IF(F12=0,"⬛ ZERO","✅ OK")) -> ✅ OK
A13: A17400 | B13: RETE PP | C13: 0 | D13: 0 | E13: 0 | F13: =C13+D13-E13 -> 0 | G13: =F13*H13 -> 0 | H13: 0.02 | I13: 0.05 | J13: =IF(F13<0,"⚠️ NEGATIVO",IF(F13=0,"⬛ ZERO","✅ OK")) -> ⬛ ZERO
A14: A17401 | B14: RETE PP | C14: 0 | D14: 2000 | E14: 1000 | F14: =C14+D14-E14 -> 1000 | G14: =F14*H14 -> 206.22 | H14: 0.20622 | I14: 0.481 | J14: =IF(F14<0,"⚠️ NEGATIVO",IF(F14=0,"⬛ ZERO","✅ OK")) -> ✅ OK
A15: A17402 | B15: RETE PP | C15: 0 | D15: 3000 | E15: 2000 | F15: =C15+D15-E15 -> 1000 | G15: =F15*H15 -> 12.291 | H15: 0.012291 | I15: 0.055 | J15: =IF(F15<0,"⚠️ NEGATIVO",IF(F15=0,"⬛ ZERO","✅ OK")) -> ✅ OK
... A35: STRACCI | B35: STRACCI | C35: 0 | D35: 72000 | E35: 99000 | F35: =C35+D35-E35 -> -27000 | G35: =F35*H35 -> -1890 | H35: 0.07 | I35: 0.07 | J35: =IF(F35<0,"⚠️ NEGATIVO",IF(F35=0,"⬛ ZERO","✅ OK")) -> ⚠️ NEGATIVO
A36: TOTALI | D36: =SUM(D4:D35) -> 392000 | E36: =SUM(E4:E35) -> 341380 | F36: =SUM(F4:F35) -> 50620 | G36: =SUM(G4:G35) -> 14959.672

Sheet 🏭 Produzione
A2: 🏭 REGISTRO PRODUZIONE — Ore Macchina & Output
A3: Data | B3: Codice | C3: Tipologia | D3: Pezzi Prodotti | E3: Ore Pressa | F3: Ore Lavoro | G3: Ore Produzione | H3: Costo Prod. (€) | I3: Valore Prod. (€) | J3: Operatore | K3: Note
A4: 2026-01-01 | B4: A17289 | C4: RETE PP | D4: 46000 | E4: 45.83 | F4: 45.83 | G4: 0 | H4: =D4*0.122962 -> 5656.252 | I4: =D4*0.307 -> 14122 | J4: Impianto
A5: 2026-01-01 | B5: A17327 | C5: RETE PP | D5: 15900 | E5: 0 | F5: 72 | G5: 0 | H5: =D5*0.361915 -> 5754.4485 | I5: =D5*0.774 -> 12306.6 | J5: Pressa
A6: 2026-01-01 | B6: A17328 | C6: RETE PP | D6: 27600 | E6: 0 | F6: 110 | G6: 0 | H6: =D6*0.250207 -> 6905.7132 | I6: =D6*0.595 -> 16422 | J6: Pressa
A7: 2026-01-01 | B7: A17330 | C7: RETE PP | D7: 900 | E7: 0 | F7: 10.91 | G7: 0 | H7: =D7*0.294137 -> 264.7233 | I7: =D7*0.63 -> 567 | J7: Impianto
A8: 2026-01-01 | B8: A17338 | C8: RETE PP | D8: 23700 | E8: 0 | F8: 19.33 | G8: 0 | H8: =D8*0.260287 -> 6168.8019 | I8: =D8*0.515 -> 12205.5 | J8: Impianto
A9: 2026-01-01 | B9: A17401 | C9: RETE PP | D9: 1000 | E9: 0 | F9: 6.67 | G9: 0 | H9: =D9*0.20622 -> 206.22 | I9: =D9*0.481 -> 481 | J9: Pressa
A10: 2026-01-01 | B10: A17403 | C10: RETE PP | D10: 2000 | E10: 0 | F10: 6.67 | G10: 0 | H10: =D10*0.260596 -> 521.192 | I10: =D10*0.595 -> 1190 | J10: Pressa
A11: 2026-01-01 | B11: A17404 | C11: RETE PP | D11: 7300 | E11: 0 | F11: 43.33 | G11: 0 | H11: =D11*0.260167 -> 1899.2191 | I11: =D11*0.63 -> 4599 | J11: Pressa
A12: 2026-01-01 | B12: A17266 | C12: TNT PP | D12: 47000 | E12: 53 | F12: 28.04 | G12: 0 | H12: =D12*0.140065 -> 6583.055 | I12: =D12*0.357 -> 16779 | J12: Piegafilo
A13: 2026-01-01 | B13: A17478 | C13: TNT PET | D13: 1500 | E13: 2 | F13: 1.59 | G13: 0 | H13: =D13*0.568395 -> 852.5925 | I13: =D13*1.31 -> 1965 | J13: Impianto
A14: 2026-01-01 | B14: A17479 | C14: TNT PET | D14: 0 | E14: 1 | F14: 0.79 | G14: 0 | H14: =D14*0.554073 -> 0 | I14: =D14*1.16 -> 0 | J14: Impianto
A15: 2026-01-01 | B15: A17480 | C15: TNT PET | D15: 500 | E15: 0 | F15: 0 | G15: 0 | H15: =D15*0.401904 -> 200.952 | I15: =D15*0.95 -> 475 | J15: Impianto
A16: 2026-01-01 | B16: A17481 | C16: TNT PET | D16: 500 | E16: 2 | F16: 1.59 | G16: 0 | H16: =D16*0.554073 -> 277.0365 | I16: =D16*1.252 -> 626 | J16: Impianto
A17: 2026-01-01 | B17: A17484 | C17: TNT PET | D17: 0 | E17: 4.17 | F17: 3.57 | G17: 0 | H17: =D17*0.408413 -> 0 | I17: =D17*1.202 -> 0 | J17: Impianto
A18: 2026-01-01 | B18: A17485 | C18: TNT PET | D18: 0 | E18: 2 | F18: 1.59 | G18: 0 | H18: =D18*0.573169 -> 0 | I18: =D18*1.312 -> 0 | J18: Impianto
A19: 2026-01-01 | B19: A14521 | C19: RETE HDPE | D19: 7500 | E19: 0 | F19: 33.33 | G19: 0 | H19: =D19*0.14613 -> 1095.975 | I19: =D19*0.129 -> 967.5 | J19: OMCG
A20: 2026-01-01 | B20: A14523 | C20: RETE HDPE | D20: 7000 | E20: 0 | F20: 33.33 | G20: 0 | H20: =D20*0.01353 -> 94.71 | I20: =D20*0.035 -> 245 | J20: OMCG
A21: 2026-01-01 | B21: A14520 | C21: RETE HDPE | D21: 3000 | E21: 0 | F21: 90 | G21: 0 | H21: =D21*0.13899 -> 416.97 | I21: =D21*0.549 -> 1647 | J21: OMCG
A22: 2026-01-01 | B22: A14522 | C22: RETE HDPE | D22: 2700 | E22: 0 | F22: 90 | G22: 0 | H22: =D22*0.13899 -> 375.273 | I22: =D22*0.355 -> 958.5 | J22: OMCG
A23: 2026-01-01 | B23: A14524 | C23: RETE HDPE | D23: 2080 | E23: 0 | F23: 30 | G23: 0 | H23: =D23*0.10455 -> 217.464 | I23: =D23*0.355 -> 738.4 | J23: OMCG
A24: 2026-01-01 | B24: A14555 | C24: RETE HDPE | D24: 500 | E24: 0 | F24: 20 | G24: 0 | H24: =D24*1.44305 -> 721.525 | I24: =D24*1.6 -> 800 | J24: OMCG
A25: 2026-01-01 | B25: A14556 | C25: RETE HDPE | D25: 500 | E25: 0 | F25: 5 | G25: 0 | H25: =D25*0.10845 -> 54.225 | I25: =D25*0.37 -> 185 | J25: OMCG
A26: 2026-01-01 | B26: STRACCI | C26: STRACCI | D26: 99000 | E26: 0 | F26: 0 | G26: 0 | H26: =D26*0.07 -> 6930 | I26: =D26*0.07 -> 6930
A27: TOTALI | D27: =SUM(D4:D26) -> 296180 | E27: =SUM(E4:E26) -> 110 | F27: =SUM(F4:F26) -> 653.57 | G27: =SUM(G4:G26) -> 0 | H27: =SUM(H4:H26) -> 45196.348 | I27: =SUM(I4:I26) -> 94209.5

Sheet 💰 Costi & Ricavi
A2: 💰 ANALISI COSTI, RICAVI E MARGINI — Per Codice Prodotto
A3: Codice | B3: Tipologia | C3: Pezzi Consegnati | D3: Costo Unit. (€) | E3: Prezzo Vend. (€) | F3: Costo Tot. (€) | G3: Ricavo Lordo (€) | H3: Margine Lordo (€) | I3: Margine % | J3: Costo MP €/pz | K3: Incid. MP %
A4: A17014 | B4: RETE PP | C4: 1000 | D4: 0.007308 | E4: 0.03 | F4: =C4*D4 -> 7.308 | G4: =C4*E4 -> 30 | H4: =G4-F4 -> 22.692 | I4: =_xlfn.IFERROR(H4/G4,0) -> 0.7564 | J4: 0.007308 | K4: =_xlfn.IFERROR(D4/E4,0) -> 0.2436
A5: A17067 | B5: RETE PP | C5: 2000 | D5: 0.16846 | E5: 0.365 | F5: =C5*D5 -> 336.92 | G5: =C5*E5 -> 730 | H5: =G5-F5 -> 393.08 | I5: =_xlfn.IFERROR(H5/G5,0) -> 0.53846575 | J5: 0.16846 | K5: =_xlfn.IFERROR(D5/E5,0) -> 0.46153425
A6: A17225 | B6: RETE PP | C6: 15000 | D6: 0.17256 | E6: 0.365 | F6: =C6*D6 -> 2588.4 | G6: =C6*E6 -> 5475 | H6: =G6-F6 -> 2886.6 | I6: =_xlfn.IFERROR(H6/G6,0) -> 0.52723288 | J6: 0.17256 | K6: =_xlfn.IFERROR(D6/E6,0) -> 0.47276712
A7: A17227 | B7: RETE PP | C7: 25200 | D7: 0.10528 | E7: 0.205 | F7: =C7*D7 -> 2653.056 | G7: =C7*E7 -> 5166 | H7: =G7-F7 -> 2512.944 | I7: =_xlfn.IFERROR(H7/G7,0) -> 0.48643902 | J7: 0.10528 | K7: =_xlfn.IFERROR(D7/E7,0) -> 0.51356098
A8: A17289 | B8: RETE PP | C8: 46000 | D8: 0.122962 | E8: 0.307 | F8: =C8*D8 -> 5656.252 | G8: =C8*E8 -> 14122 | H8: =G8-F8 -> 8465.748 | I8: =_xlfn.IFERROR(H8/G8,0) -> 0.59947231 | J8: 0.122962 | K8: =_xlfn.IFERROR(D8/E8,0) -> 0.40052769
A9: A17327 | B9: RETE PP | C9: 15900 | D9: 0.361915 | E9: 0.774 | F9: =C9*D9 -> 5754.4485 | G9: =C9*E9 -> 12306.6 | H9: =G9-F9 -> 6552.1515 | I9: =_xlfn.IFERROR(H9/G9,0) -> 0.53240956 | J9: 0.361915 | K9: =_xlfn.IFERROR(D9/E9,0) -> 0.46759044
A10: A17328 | B10: RETE PP | C10: 27600 | D10: 0.250207 | E10: 0.595 | F10: =C10*D10 -> 6905.7132 | G10: =C10*E10 -> 16422 | H10: =G10-F10 -> 9516.2868 | I10: =_xlfn.IFERROR(H10/G10,0) -> 0.57948403 | J10: 0.250207 | K10: =_xlfn.IFERROR(D10/E10,0) -> 0.42051597
A11: A17330 | B11: RETE PP | C11: 900 | D11: 0.294137 | E11: 0.63 | F11: =C11*D11 -> 264.7233 | G11: =C11*E11 -> 567 | H11: =G11-F11 -> 302.2767 | I11: =_xlfn.IFERROR(H11/G11,0) -> 0.53311587 | J11: 0.294137 | K11: =_xlfn.IFERROR(D11/E11,0) -> 0.46688413
A12: A17338 | B12: RETE PP | C12: 23700 | D12: 0.260287 | E12: 0.515 | F12: =C12*D12 -> 6168.8019 | G12: =C12*E12 -> 12205.5 | H12: =G12-F12 -> 6036.6981 | I12: =_xlfn.IFERROR(H12/G12,0) -> 0.49458835 | J12: 0.260287 | K12: =_xlfn.IFERROR(D12/E12,0) -> 0.50541165
A13: A17400 | B13: RETE PP | C13: 0 | D13: 0.02 | E13: 0.05 | F13: =C13*D13 -> 0 | G13: =C13*E13 -> 0 | H13: =G13-F13 -> 0 | I13: =_xlfn.IFERROR(H13/G13,0) -> 0 | J13: 0.02 | K13: =_xlfn.IFERROR(D13/E13,0) -> 0.4
A14: A17401 | B14: RETE PP | C14: 1000 | D14: 0.20622 | E14: 0.481 | F14: =C14*D14 -> 206.22 | G14: =C14*E14 -> 481 | H14: =G14-F14 -> 274.78 | I14: =_xlfn.IFERROR(H14/G14,0) -> 0.57126819 | J14: 0.20622 | K14: =_xlfn.IFERROR(D14/E14,0) -> 0.42873181
A15: A17402 | B15: RETE PP | C15: 2000 | D15: 0.012291 | E15: 0.055 | F15: =C15*D15 -> 24.582 | G15: =C15*E15 -> 110 | H15: =G15-F15 -> 85.418 | I15: =_xlfn.IFERROR(H15/G15,0) -> 0.77652727 | J15: 0.012291 | K15: =_xlfn.IFERROR(D15/E15,0) -> 0.22347273
... A35: STRACCI | B35: STRACCI | C35: 99000 | D35: 0.07 | E35: 0.07 | F35: =C35*D35 -> 6930 | G35: =C35*E35 -> 6930 | H35: =G35-F35 -> 0 | I35: =_xlfn.IFERROR(H35/G35,0) -> 0 | J35: 0.07 | K35: =_xlfn.IFERROR(D35/E35,0) -> 1
A36: TOTALI | C36: =SUM(C4:C35) -> 341380 | F36: =SUM(F4:F35) -> 50806.614 | G36: =SUM(G4:G35) -> 105720.5 | H36: =SUM(H4:H35) -> 54913.886 | I36: =_xlfn.IFERROR(H36/G36,0) -> 0.51942514

Sheet 📈 Per Tipologia
A2: 📈 RIEPILOGO PER TIPOLOGIA DI PRODOTTO
A3: Tipologia | B3: N° Codici | C3: Ordinato (pz) | D3: Consegnato (pz) | E3: Arretrato (pz) | F3: Costo Totale (€) | G3: Ricavo Lordo (€) | H3: Margine Lordo (€) | I3: Margine % | J3: % su Totale
A4: RETE PP | B4: 16 | C4: 217000 | D4: 169600 | E4: =C4-D4 -> 47400 | F4: 32986.84 | G4: 73404.1 | H4: =G4-F4 -> 40417.26 | I4: =_xlfn.IFERROR(H4/G4,0) -> 0.55061311 | J4: =_xlfn.IFERROR(G4/G9,0) -> 0.69432229
A5: TNT PP | B5: 1 | C5: 53000 | D5: 47000 | E5: =C5-D5 -> 6000 | F5: 6583.05 | G5: 16779 | H5: =G5-F5 -> 10195.95 | I5: =_xlfn.IFERROR(H5/G5,0) -> 0.60766136 | J5: =_xlfn.IFERROR(G5/G9,0) -> 0.15871094
A6: TNT PET | B6: 7 | C6: 12000 | D6: 2500 | E6: =C6-D6 -> 9500 | F6: 1330.58 | G6: 3066 | H6: =G6-F6 -> 1735.42 | I6: =_xlfn.IFERROR(H6/G6,0) -> 0.56602087 | J6: =_xlfn.IFERROR(G6/G9,0) -> 0.029000998
A7: RETE HDPE | B7: 7 | C7: 38000 | D7: 23280 | E7: =C7-D7 -> 14720 | F7: 2976.14 | G7: 5541.4 | H7: =G7-F7 -> 2565.26 | I7: =_xlfn.IFERROR(H7/G7,0) -> 0.46292634 | J7: =_xlfn.IFERROR(G7/G9,0) -> 0.052415567
A8: STRACCI | B8: 1 | C8: 72000 | D8: 99000 | E8: =C8-D8 -> -27000 | F8: 6930 | G8: 6930 | H8: =G8-F8 -> 0 | I8: =_xlfn.IFERROR(H8/G8,0) -> 0 | J8: =_xlfn.IFERROR(G8/G9,0) -> 0.065550201
A9: TOTALE | B9: =SUM(B4:B8) -> 32 | C9: =SUM(C4:C8) -> 392000 | D9: =SUM(D4:D8) -> 341380 | E9: =SUM(E4:E8) -> 50620 | F9: =SUM(F4:F8) -> 50806.61 | G9: =SUM(G4:G8) -> 105720.5 | H9: =SUM(H4:H8) -> 54913.89 | I9: =_xlfn.IFERROR(H9/G9,0) -> 0.51942518 | J9: 100%

Sheet 📅 Mensile
A2: 📅 ANALISI MENSILE — Ordini, Consegne e Fatturato 2026
A3: Mese | B3: Ordinato (pz) | C3: Consegnato (pz) | D3: Arretrato (pz) | E3: Fatturato (€) | F3: Costo (€) | G3: Margine (€) | H3: Margine % | I3: N° DDT
A4: Gennaio | B4: 196000 | C4: 182980 | D4: =B4-C4 -> 13020 | E4: 12861.15 | F4: 8922.5 | G4: =E4-F4 -> 3938.65 | H4: =_xlfn.IFERROR(G4/E4,0) -> 0.306244 | I4: 21
A5: Febbraio | B5: 180000 | C5: 158100 | D5: =B5-C5 -> 21900 | E5: 11203.5 | F5: 7892 | G5: =E5-F5 -> 3311.5 | H5: =_xlfn.IFERROR(G5/E5,0) -> 0.29557727 | I5: 19
A6: Marzo | B6: 210000 | C6: 175000 | D6: =B6-C6 -> 35000 | E6: 13450 | F6: 9100 | G6: =E6-F6 -> 4350 | H6: =_xlfn.IFERROR(G6/E6,0) -> 0.32342007 | I6: 23
A7: Aprile | B7: 185000 | C7: 152000 | D7: =B7-C7 -> 33000 | E7: 12100 | F7: 8200 | G7: =E7-F7 -> 3900 | H7: =_xlfn.IFERROR(G7/E7,0) -> 0.32231405 | I7: 20
A8: Maggio | B8: 0 | C8: 0 | D8: =B8-C8 -> 0 | E8: 0 | F8: 0 | G8: =E8-F8 -> 0 | H8: =_xlfn.IFERROR(G8/E8,0) -> 0 | I8: 0
A9: Giugno | B9: 0 | C9: 0 | D9: =B9-C9 -> 0 | E9: 0 | F9: 0 | G9: =E9-F9 -> 0 | H9: =_xlfn.IFERROR(G9/E9,0) -> 0 | I9: 0
A10: Luglio | B10: 0 | C10: 0 | D10: =B10-C10 -> 0 | E10: 0 | F10: 0 | G10: =E10-F10 -> 0 | H10: =_xlfn.IFERROR(G10/E10,0) -> 0 | I10: 0
A11: Agosto | B11: 0 | C11: 0 | D11: =B11-C11 -> 0 | E11: 0 | F11: 0 | G11: =E11-F11 -> 0 | H11: =_xlfn.IFERROR(G11/E11,0) -> 0 | I11: 0
A12: Settembre | B12: 0 | C12: 0 | D12: =B12-C12 -> 0 | E12: 0 | F12: 0 | G12: =E12-F12 -> 0 | H12: =_xlfn.IFERROR(G12/E12,0) -> 0 | I12: 0
A13: Ottobre | B13: 0 | C13: 0 | D13: =B13-C13 -> 0 | E13: 0 | F13: 0 | G13: =E13-F13 -> 0 | H13: =_xlfn.IFERROR(G13/E13,0) -> 0 | I13: 0
A14: Novembre | B14: 0 | C14: 0 | D14: =B14-C14 -> 0 | E14: 0 | F14: 0 | G14: =E14-F14 -> 0 | H14: =_xlfn.IFERROR(G14/E14,0) -> 0 | I14: 0
A15: Dicembre | B15: 0 | C15: 0 | D15: =B15-C15 -> 0 | E15: 0 | F15: 0 | G15: =E15-F15 -> 0 | H15: =_xlfn.IFERROR(G15/E15,0) -> 0 | I15: 0
A16: TOTALE ANNO | B16: =SUM(B4:B15) -> 771000 | C16: =SUM(C4:C15) -> 668080 | D16: =SUM(D4:D15) -> 102920 | E16: =SUM(E4:E15) -> 49614.65 | F16: =SUM(F4:F15) -> 34114.5 | G16: =SUM(G4:G15) -> 15500.15 | H16: =_xlfn.IFERROR(G16/E16,0) -> 0.31241075 | I16: =SUM(I4:I15) -> 83
